ES64;Ciudad de Melilla;14
ES640;Melilla;14
ES63;Ciudad de Ceuta;20
ES630;Ceuta;20
UKI42;Tower Hamlets;20
UKI32;Westminster;21
UKI31;Camden & City of London;25
UKI45;Lambeth;27
UKI33;Kensington and Chelsea & Hammersmith and Fulham;29
UKI34;Wandsworth;34
UKD42;Blackpool;35
DE262;Schweinfurt, Kreisfreie Stadt;36
DE213;Rosenheim, Kreisfreie Stadt;37
CH031;Basel-Stadt;37
DE272;Kaufbeuren, Kreisfreie Stadt;40
UKJ31;Portsmouth;40
DE255;Schwabach, Kreisfreie Stadt;41
UKH31;Southend-on-Sea;42
DEB38;Speyer, Kreisfreie Stadt;43
UKH21;Luton;43
UKI72;Brent;43
DEB31;Frankenthal (Pfalz), Kreisfreie Stadt;44
UKI43;Haringey & Islington;44
DE713;Offenbach am Main, Kreisfreie Stadt;45
DE243;Coburg, Kreisfreie Stadt;48
DE231;Amberg, Kreisfreie Stadt;50
UKJ32;Southampton;50
DEA55;Herne, Kreisfreie Stadt;51
DE241;Bamberg, Kreisfreie Stadt;55
UKI41;Hackney & Newham;55
UKI73;Ealing;56
DEF01;Flensburg, Kreisfreie Stadt;57
DE244;Hof, Kreisfreie Stadt;58
DEB37;Pirmasens, Kreisfreie Stadt;61
DE261;Aschaffenburg, Kreisfreie Stadt;62
DE941;Delmenhorst, Kreisfreie Stadt;62
DE253;Fürth, Kreisfreie Stadt;63
DE273;Kempten (Allgäu), Kreisfreie Stadt;63
UKK42;Torbay;63
UKI44;Lewisham & Southwark;64
DE221;Landshut, Kreisfreie Stadt;66
DE242;Bayreuth, Kreisfreie Stadt;67
DE223;Straubing, Kreisfreie Stadt;68
EL302;Dytikos Tomeas Athinon;68
MT002;Gozo and Comino/Ghawdex u Kemmuna;69
UKG39;Wolverhampton;69
DE222;Passau, Kreisfreie Stadt;70
DE274;Memmingen, Kreisfreie Stadt;70
DE233;Weiden in der Oberpfalz, Kreisfreie Stadt;71
DEB3A;Zweibrücken, Kreisfreie Stadt;71
EL304;Notios Tomeas Athinon;71
UKE11;Kingston upon Hull, City of;71
DEF04;Neumünster, Kreisfreie Stadt;72
UKF21;Leicester;73
DEA18;Remscheid, Kreisfreie Stadt;75
UKF14;Nottingham;75
DE252;Erlangen, Kreisfreie Stadt;77
DEA17;Oberhausen, Kreisfreie Stadt;77
DEB34;Ludwigshafen am Rhein, Kreisfreie Stadt;77
UKF11;Derby;78
DEA24;Leverkusen, Kreisfreie Stadt;79
UKK41;Plymouth;80
DE232;Regensburg, Kreisfreie Stadt;81
UKI54;Enfield;82
DEB33;Landau in der Pfalz, Kreisfreie Stadt;83
UKJ21;Brighton and Hove;83
DEG05;Weimar, Kreisfreie Stadt;84
UKG37;Sandwell;86
UKI62;Croydon;86
UKI71;Barnet;87
DE263;Würzburg, Kreisfreie Stadt;88
EL303;Kentrikos Tomeas Athinon;88
DEA19;Solingen, Kreisfreie Stadt;90
DEA16;Mülheim an der Ruhr, Kreisfreie Stadt;91
UKG23;Stoke-on-Trent;93
DE502;Bremerhaven, Kreisfreie Stadt;94
UKI53;Redbridge & Waltham Forest;95
DE129;Pforzheim, Stadtkreis;98
DEB35;Mainz, Kreisfreie Stadt;98
UKG36;Dudley;98
UKG33;Coventry;99
DE117;Heilbronn, Stadtkreis;100
DE251;Ansbach, Kreisfreie Stadt;100
DEA31;Bottrop, Kreisfreie Stadt;101
DE943;Oldenburg (Oldenburg), Kreisfreie Stadt;103
DEG04;Suhl, Kreisfreie Stadt;103
DEG0N;Eisenach, Kreisfreie Stadt;104
UKG38;Walsall;104
DEA32;Gelsenkirchen, Kreisfreie Stadt;105
DEB11;Koblenz, Kreisfreie Stadt;105
FR101;Paris;105
DE731;Kassel, Kreisfreie Stadt;107
DE945;Wilhelmshaven, Kreisfreie Stadt;107
UKI51;Bexley & Greenwich;108
DE125;Heidelberg, Stadtkreis;109
DEB39;Worms, Kreisfreie Stadt;109
UKI3;Inner London - West;109
UKK11;Bristol, City of;110
DE942;Emden, Kreisfreie Stadt;112
UKD72;Liverpool;112
UKI75;Hounslow & Richmond upon Thames;113
DEG03;Jena, Kreisfreie Stadt;115
UKD33;Manchester;116
DEB21;Trier, Kreisfreie Stadt;117
DEB36;Neustadt an der Weinstraße, Kreisfreie Stadt;117
DE144;Ulm, Stadtkreis;119
DEF02;Kiel, Kreisfreie Stadt;119
UKI63;Merton, Kingston upon Thames & Sutton;119
DE944;Osnabrück, Kreisfreie Stadt;120
DE711;Darmstadt, Kreisfreie Stadt;122
NL325;Zaanstreek;128
DE804;Schwerin, Kreisfreie Stadt;131
DE211;Ingolstadt, Kreisfreie Stadt;133
EL301;Voreios Tomeas Athinon;134
DEE02;Halle (Saale), Kreisfreie Stadt;135
NL324;Agglomeratie Haarlem;137
UKC23;Sunderland;137
UKD41;Blackburn with Darwen;137
DEA14;Krefeld, Kreisfreie Stadt;138
UKN06;Belfast;138
DE121;Baden-Baden, Stadtkreis;140
DEB32;Kaiserslautern, Kreisfreie Stadt;140
DEA22;Bonn, Kreisfreie Stadt;141
DE126;Mannheim, Stadtkreis;145
DEA51;Bochum, Kreisfreie Stadt;146
DE271;Augsburg, Kreisfreie Stadt;147
DE403;Frankfurt (Oder), Kreisfreie Stadt;148
UKI52;Barking & Dagenham and Havering;148
UKI61;Bromley;150
DEG02;Gera, Kreisfreie Stadt;152
DE131;Freiburg im Breisgau, Stadtkreis;153
NL333;Delft en Westland;155
UKD73;Sefton;155
UKD74;Wirral;157
DEA53;Hagen, Kreisfreie Stadt;160
LI;Liechtenstein;160
LI0;Liechtenstein;160
LI00;Liechtenstein;160
LI000;Liechtenstein;160
BE1;Région de Bruxelles-Capitale/Brussels Hoofdstedelijk Gewest;162
BE10;Région de Bruxelles-Capitale/Brussels Hoofdstedelijk Gewest;162
BE100;Arr. de Bruxelles-Capitale/Arr. Brussel-Hoofdstad;162
UKH32;Thurrock;163
DE402;Cottbus, Kreisfreie Stadt;166
UKI74;Harrow & Hillingdon;166
DEA1A;Wuppertal, Kreisfreie Stadt;168
DEA15;Mönchengladbach, Kreisfreie Stadt;170
CH054;Appenzell Innerrhoden;172
DE122;Karlsruhe, Stadtkreis;173
NL323;IJmond;173
UKK24;Bournemouth, Christchurch and Poole;174
UKM82;Glasgow City;175
FR105;Hauts-de-Seine;176
UKG32;Solihull;178
DK011;Byen København;180
DE803;Rostock, Kreisfreie Stadt;181
UKD61;Warrington;181
DE254;Nürnberg, Kreisfreie Stadt;186
DE404;Potsdam, Kreisfreie Stadt;188
DE911;Braunschweig, Kreisfreie Stadt;193
UKJ41;Medway;194
UKC13;Darlington;197
DEE03;Magdeburg, Kreisfreie Stadt;201
UKD34;Greater Manchester South West;203
DE714;Wiesbaden, Kreisfreie Stadt;204
DE913;Wolfsburg, Kreisfreie Stadt;205
DE111;Stuttgart, Stadtkreis;207
DEA13;Essen, Kreisfreie Stadt;210
UKI4;Inner London - East;210
ITH44;Trieste;213
DEF03;Lübeck, Kreisfreie Stadt;214
DEA11;Düsseldorf, Kreisfreie Stadt;217
BE329;Arr. La Louvière;219
DED41;Chemnitz, Kreisfreie Stadt;221
DE71A;Main-Taunus-Kreis;222
DE912;Salzgitter, Kreisfreie Stadt;224
DEA54;Hamm, Kreisfreie Stadt;226
UKD35;Greater Manchester South East;229
DE401;Brandenburg an der Havel, Kreisfreie Stadt;230
UKK14;Swindon;230
DEA12;Duisburg, Kreisfreie Stadt;233
UKJ35;South Hampshire;235
FR106;Seine-Saint-Denis;237
CH066;Zug;239
RO321;Bucuresti;240
CH053;Appenzell Ausserrhoden;243
DEE01;Dessau-Roßlau, Kreisfreie Stadt;245
FR107;Val-de-Marne;245
MT001;Malta;247
DE712;Frankfurt am Main, Kreisfreie Stadt;248
DEC03;Neunkirchen;250
DEA41;Bielefeld, Kreisfreie Stadt;259
PL415;Miasto Poznan;262
NL332;Agglomeratie 's-Gravenhage;263
UKM75;Edinburgh, City of;263
UKG31;Birmingham;268
ES703;El Hierro;269
DEG01;Erfurt, Kreisfreie Stadt;270
UKE21;York;272
NL112;Delfzijl en omgeving;273
NL327;Het Gooi en Vechtstreek;273
BE256;Arr. Roeselare;274
CH065;Nidwalden;276
BE258;Arr. Veurne;278
DEA52;Dortmund, Kreisfreie Stadt;281
CH013;Genève;282
UKG21;Telford and Wrekin;290
BE255;Arr. Oostende;293
PL514;Miasto Wroclaw;293
PL711;Miasto Lódz;293
UKM76;Falkirk;297
DED51;Leipzig, Kreisfreie Stadt;298
NL337;Agglomeratie Leiden en Bollenstreek;298
CH052;Schaffhausen;298
UKC11;Hartlepool and Stockton-on-Tees;299
UKC12;South Teesside;299
PL424;Miasto Szczecin;301
NL328;Alkmaar en omgeving;302
UKD71;East Merseyside;302
DEA33;Münster, Kreisfreie Stadt;303
LV006;Riga;304
DEB3I;Rhein-Pfalz-Kreis;305
DE258;Fürth, Landkreis;307
UKJ12;Milton Keynes;309
DE212;München, Kreisfreie Stadt;311
MT;Malta;316
MT0;Malta;316
MT00;Malta;316
BE341;Arr. Arlon;319
DE27A;Lindau (Bodensee);323
UKH37;Essex Thames Gateway;325
DE501;Bremen, Kreisfreie Stadt;326
PL213;Miasto Kraków;327
DED21;Dresden, Kreisfreie Stadt;328
UKD36;Greater Manchester North West;328
BE257;Arr. Tielt;332
BE233;Arr. Eeklo;336
UKE45;Wakefield;339
DK012;Københavns omegn;342
UKH11;Peterborough;343
BE232;Arr. Dendermonde;347
EL624;Lefkada;354
UKI6;Outer London - South;355
DE71C;Offenbach, Landkreis;356
BE32C;Arr. Soignies;358
BE252;Arr. Diksmuide;365
ITI15;Prato;366
UKE41;Bradford;366
FRY5;Mayotte;367
FRY50;Mayotte;367
UKE32;Sheffield;368
ES706;La Gomera;370
NO0B1;Jan Mayen;377
PL22A;Katowicki;380
UKJ34;Isle of Wight;380
UKL18;Swansea;380
BE334;Arr. Waremme;390
UKD37;Greater Manchester North East;400
UKC22;Tyneside;403
DEA23;Köln, Kreisfreie Stadt;405
ITC4D;Monza e della Brianza;405
BE254;Arr. Kortrijk;406
DEA1C;Mettmann;407
EL621;Zakynthos;407
DEA56;Ennepe-Ruhr-Kreis;410
DEC01;Regionalverband Saarbrücken;411
PL633;Trojmiejski;414
AT13;Wien;415
AT130;Wien;415
DEC05;Saarpfalz-Kreis;418
DE5;Bremen;420
DE50;Bremen;420
BE235;Arr. Oudenaarde;423
NL212;Zuidwest-Overijssel;425
UKM78;West Lothian;429
UKI5;Outer London - East and North East;433
DEG0H;Sonneberg;434
DE21C;Fürstenfeldbruck;435
DEA2B;Rheinisch-Bergischer Kreis;437
DEA43;Herford;450
DE717;Groß-Gerau;453
NO081;Oslo;454
DEC04;Saarlouis;459
DEB3E;Germersheim;463
UKI7;Outer London - West and North West;465
ITH43;Gorizia;467
UKM84;North Lanarkshire;472
BE231;Arr. Aalst;473
UKL22;Cardiff and Vale of Glamorgan;473
BE32B;Arr. Charleroi;476
DEC06;St. Wendel;476
UKH24;Bedford;476
BE236;Arr. Sint-Niklaas;480
DE718;Hochtaunuskreis;482
SI035;Zasavska;485
DE21L;Starnberg;488
CH064;Obwalden;491
UKD46;East Lancashire;491
CZ01;Praha;496
CZ010;Hlavní mesto Praha;496
UKF12;East Derbyshire;502
UKN0E;Lisburn and Castlereagh;511
BE212;Arr. Mechelen;512
UKL16;Gwent Valleys;512
NL33A;Zuidoost-Zuid-Holland;513
DE279;Neu-Ulm;516
PL911;Miasto Warszawa;517
CH032;Basel-Landschaft;517
DE142;Tübingen, Landkreis;519
DE24C;Lichtenfels;520
NL33B;Oost-Zuid-Holland;521
HU11;Budapest;525
HU110;Budapest;525
UKL15;Central Valleys;536
DE91A;Peine;537
DEA5C;Unna;543
UKJ43;Kent Thames Gateway;546
DE218;Ebersberg;549
UKD47;Chorley & West Lancashire;550
UKE42;Leeds;552
BE253;Arr. Ieper;554
DEC02;Merzig-Wadern;557
DEA1E;Viersen;563
DE257;Erlangen-Höchstadt;565
UKN09;Ards and North Down;567
DE214;Altötting;569
DEG0M;Altenburger Land;569
DE12B;Enzkreis;574
DEB3G;Kusel;574
DEA1D;Rhein-Kreis Neuss;576
DE217;Dachau;579
DK014;Bornholm;588
DEB3B;Alzey-Worms;588
BE323;Arr. Mons;589
DE247;Coburg, Landkreis;590
DEB3C;Bad Dürkheim;595
UKM83;Inverclyde, East Renfrewshire and Renfrewshire;598
DEB3J;Mainz-Bingen;605
DE24D;Wunsiedel im Fichtelgebirge;606
UKF16;South Nottinghamshire;609
DE94A;Friesland (DE);610
FRC24;Territoire de Belfort;611
DE112;Böblingen;618
DE71B;Odenwaldkreis;624
DE11C;Heidenheim;627
DEB18;Neuwied;627
DEA29;Heinsberg;628
BE223;Arr. Tongeren;634
EL622;Kerkyra;637
DEB3F;Kaiserslautern, Landkreis;640
DEB3H;Südliche Weinstraße;640
DE113;Esslingen;641
HR05;Grad Zagreb;641
HR050;Grad Zagreb;641
DE114;Göppingen;642
DEB13;Altenkirchen (Westerwald);642
DE248;Forchheim;643
DEB3D;Donnersbergkreis;645
DE24A;Kronach;652
DE936;Osterholz;653
ES531;Eivissa, Formentera;655
DE94H;Wittmund;657
DE24B;Kulmbach;658
DE716;Darmstadt-Dieburg;659
NL423;Zuid-Limburg;660
BE331;Arr. Huy;661
DE21H;München, Landkreis;664
DEF09;Pinneberg;664
BE251;Arr. Brugge;665
DE147;Bodenseekreis;665
UKJ26;East Surrey;670
BE32A;Arr. Ath;672
DE917;Helmstedt;676
DE928;Schaumburg;676
DE133;Emmendingen;680
DE268;Kitzingen;684
CH051;Glarus;686
DE115;Ludwigsburg;687
UKL17;Bridgend and Neath Port Talbot;693
DE926;Holzminden;694
ES533;Menorca;695
NL133;Zuidwest-Drenthe;695
NL422;Midden-Limburg;695
DE264;Aschaffenburg, Landkreis;699
AT111;Mittelburgenland;701
DEA27;Rhein-Erft-Kreis;705
DEA2D;Städteregion Aachen;707
ES707;La Palma;708
DEA59;Olpe;712
DEG07;Nordhausen;714
UKL11;Isle of Anglesey;714
BE328;Arr. Tournai-Mouscron;715
DE269;Miltenberg;716
UKH25;Central Bedfordshire;716
DE715;Bergstraße;720
DEB1C;Cochem-Zell;720
DE91B;Wolfenbüttel;724
AT342;Rheintal-Bodenseegebiet;726
UKD7;Merseyside;726
UKN0D;Antrim and Newtownabbey;728
HR061;Medimurska zupanija;729
DE946;Ammerland;731
UKM81;East Dunbartonshire, West Dunbartonshire and Helensburgh & Lomond;733
DE137;Tuttlingen;734
DE124;Rastatt;738
DE723;Limburg-Weilburg;738
DE21I;Neuburg-Schrobenhausen;740
NL341;Zeeuwsch-Vlaanderen;749
DE6;Hamburg;755
DE60;Hamburg;755
DE600;Hamburg;755
NL224;Zuidwest-Gelderland;756
DE21J;Pfaffenhofen an der Ilm;761
DEA36;Recklinghausen;761
DE278;Günzburg;762
DEF0F;Stormarn;766
UKH15;Norwich & East Norfolk;766
DE135;Rottweil;769
AL015;Shkodër;770
UKE44;Calderdale and Kirklees;773
DE119;Hohenlohekreis;777
DEB15;Birkenfeld;777
BE345;Arr. Virton;778
DE275;Aichach-Friedberg;780
EL412;Ikaria, Samos;780
DEB1A;Rhein-Lahn-Kreis;782
ITC49;Lodi;783
BE32D;Arr. Thuin;785
DEB12;Ahrweiler;787
DE93B;Verden;789
CH023;Solothurn;789
DE277;Dillingen an der Donau;792
BE332;Arr. Liège;796
DE12A;Calw;797
DE923;Hameln-Pyrmont;798
DE21B;Freising;800
DE259;Nürnberger Land;800
PT3;Região Autónoma da Madeira (PT);802
PT30;Região Autónoma da Madeira (PT);802
PT300;Região Autónoma da Madeira (PT);802
CH024;Neuchâtel;803
DE21E;Landsberg am Lech;804
DEG0G;Weimarer Land;804
DE21G;Mühldorf am Inn;805
TR425;Yalova;806
DE139;Lörrach;807
DEG0D;Sömmerda;807
DK021;Østsjælland;808
DE71D;Rheingau-Taunus-Kreis;811
DE94F;Vechta;814
DEG0J;Saale-Holzland-Kreis;815
ITC43;Lecco;815
DE138;Konstanz;818
DEB17;Mayen-Koblenz;818
DE94G;Wesermarsch;825
CH025;Jura;839
DE215;Berchtesgadener Land;840
DE26B;Schweinfurt, Landkreis;841
DEG0F;Ilm-Kreis;844
DEG0L;Greiz;846
ES708;Lanzarote;846
BE336;Bezirk Verviers - Deutschsprachige Gemeinschaft;847
NL111;Oost-Groningen;851
NL421;Noord-Limburg;854
UKH36;Heart of Essex;854
DE721;Gießen, Landkreis;855
DE116;Rems-Murr-Kreis;858
UKD44;Lancaster & Wyre;858
DE224;Deggendorf;861
ITI35;Fermo;863
DEB14;Bad Kreuznach;864
ITH59;Rimini;865
DE21F;Miesbach;866
DE12C;Freudenstadt;870
DE21A;Erding;871
NL329;Groot-Amsterdam;875
DE22C;Dingolfing-Landau;878
PL229;Gliwicki;879
ITC34;La Spezia;881
BE224;Arr. Hasselt;884
UKJ37;North Hampshire;888
DE3;Berlin;891
DE30;Berlin;891
DE300;Berlin;891
DE249;Hof, Landkreis;893
DE25B;Roth;895
UKG3;West Midlands;902
EL623;Ithaki, Kefallinia;903
EL413;Chios;907
CH063;Schwyz;907
UKJ28;West Sussex (North East);909
BE225;Arr. Maaseik;911
BE353;Arr. Philippeville;911
DEB24;Vulkaneifel;912
ITC13;Biella;913
UKD63;Cheshire West and Chester;917
DE143;Zollernalbkreis;918
DEA2A;Oberbergischer Kreis;919
NL132;Zuidoost-Drenthe;924
IE061;Dublin;926
NL412;Midden-Noord-Brabant;933
DEG0C;Gotha;936
EL307;Peiraias, Nisoi;936
DEG0E;Hildburghausen;938
UKL23;Flintshire and Wrexham;941
DEA26;Düren;942
UKJ46;West Kent;942
DEG06;Eichsfeld;943
PL22C;Tyski;944
BE241;Arr. Halle-Vilvoorde;949
BE234;Arr. Gent;950
DED45;Zwickau;950
DEB3K;Südwestpfalz;954
DE267;Haßberge;956
BE343;Arr. Marche-en-Famenne;958
NL226;Arnhem/Nijmegen;959
DEB1D;Rhein-Hunsrück-Kreis;964
ITI13;Pistoia;964
DE21N;Weilheim-Schongau;966
DE916;Goslar;967
DE26C;Würzburg, Landkreis;968
SI036;Posavska;968
DEA42;Gütersloh;969
DE25C;Weißenburg-Gunzenhausen;971
UKJ45;Mid Kent;974
DE229;Regen;975
DEG09;Unstrut-Hainich-Kreis;980
DE94B;Grafschaft Bentheim;982
DE225;Freyung-Grafenau;984
UKF25;North Northamptonshire;987
DEB1B;Westerwaldkreis;989
CH057;Thurgau;990
UKJ25;West Surrey;1000
BE211;Arr. Antwerpen;1004
EL306;Dytiki Attiki;1005
UKD45;Mid Lancashire;1005
NL126;Zuidoost-Friesland;1006
UKH35;West Essex;1011
DE21D;Garmisch-Partenkirchen;1012
UKM65;Orkney Islands;1013
AT321;Lungau;1020
DE266;Rhön-Grabfeld;1022
DE136;Schwarzwald-Baar-Kreis;1025
DE737;Werra-Meißner-Kreis;1025
UKM73;East Lothian and Midlothian;1034
DEG0I;Saalfeld-Rudolstadt;1036
DEG0A;Kyffhäuserkreis;1038
UKE13;North and North East Lincolnshire;1038
SI033;Koroska;1041
UKL21;Monmouthshire and Newport;1041
DEA1F;Wesel;1043
SI044;Obalno-kraska;1044
IS001;Höfudborgarsvædi;1044
BE342;Arr. Bastogne;1047
DEF0E;Steinburg;1056
DEA58;Märkischer Kreis;1061
NL131;Noord-Drenthe;1061
DE128;Rhein-Neckar-Kreis;1062
UKN0F;Mid and East Antrim;1062
DE226;Kelheim;1065
DE94D;Oldenburg, Landkreis;1065
DE722;Lahn-Dill-Kreis;1067
DE276;Augsburg, Landkreis;1071
CH062;Uri;1076
UKJ27;West Sussex (South West);1082
DEF0A;Plön;1083
DE23A;Tirschenreuth;1084
UKJ44;East Kent;1084
DE123;Karlsruhe, Landkreis;1085
DE94C;Leer;1086
DE141;Reutlingen;1092
BE31;Prov. Brabant wallon;1097
BE310;Arr. Nivelles;1097
DE733;Hersfeld-Rotenburg;1097
DE118;Heilbronn, Landkreis;1100
DE71E;Wetteraukreis;1101
DEB25;Trier-Saarburg;1102
FRY2;Martinique;1108
FRY20;Martinique;1108
DE216;Bad Tölz-Wolfratshausen;1111
DEA35;Coesfeld;1112
DE127;Neckar-Odenwald-Kreis;1126
DE13A;Waldshut;1131
DEA5A;Siegen-Wittgenstein;1133
DE265;Bad Kissingen;1137
DEG0K;Saale-Orla-Kreis;1151
ITF64;Vibo Valentia;1151
DEA46;Minden-Lübbecke;1152
DEA2C;Rhein-Sieg-Kreis;1153
ITC31;Imperia;1155
ITI11;Massa-Carrara;1155
BE335;Arr. Verviers - communes francophones;1164
UKD62;Cheshire East;1166
BE352;Arr. Namur;1168
DE245;Bamberg, Landkreis;1168
DEB22;Bernkastel-Wittlich;1168
BE242;Arr. Leuven;1169
ITF33;Napoli;1179
UKE31;Barnsley, Doncaster and Rotherham;1184
NL342;Overig Zeeland;1186
ITC41;Varese;1198
DEA44;Höxter;1201
DE22B;Straubing-Bogen;1202
DE149;Sigmaringen;1204
DE925;Hildesheim;1208
DEG0B;Schmalkalden-Meiningen;1211
AT221;Graz;1212
DE219;Eichstätt;1214
ITI16;Livorno;1214
DE40B;Oberspreewald-Lausitz;1223
UKK12;Bath and North East Somerset, North Somerset and South Gloucestershire;1223
UKM94;South Ayrshire;1224
DE934;Lüchow-Dannenberg;1227
ITI34;Ascoli Piceno;1228
HR064;Krapinsko-zagorska zupanija;1229
DE27C;Unterallgäu;1230
ITF13;Pescara;1230
AT123;Sankt Pölten;1230
DEA1B;Kleve;1233
AT331;Außerfern;1237
DEA45;Lippe;1246
PT112;Cávado;1246
DEA47;Paderborn;1247
ITG2F;Cagliari;1248
DE933;Harburg;1249
DEA28;Euskirchen;1249
UKN0A;Derry City and Strabane;1252
FR108;Val-d'Oise;1253
DE234;Amberg-Sulzbach;1256
HR062;Varazdinska zupanija;1262
DE724;Marburg-Biedenkopf;1263
DEF06;Herzogtum Lauenburg;1263
UKJ11;Berkshire;1264
DE25A;Neustadt an der Aisch-Bad Windsheim;1267
DE939;Stade;1267
DE918;Northeim;1269
DE246;Bayreuth, Landkreis;1274
DE27D;Donau-Ries;1275
UKD3;Greater Manchester;1276
ITC42;Como;1279
DE22A;Rottal-Inn;1281
NL113;Overig Groningen;1281
UKH34;Essex Haven Gateway;1283
DE947;Aurich;1287
DE734;Kassel, Landkreis;1293
NL411;West-Noord-Brabant;1303
DE11B;Main-Tauber-Kreis;1304
DEG0P;Wartburgkreis;1307
DEA38;Warendorf;1319
DE26A;Main-Spessart;1321
DE935;Lüneburg, Landkreis;1328
DEA5B;Soest;1329
SI031;Pomurska;1337
ITC15;Novara;1340
BG411;Sofia (stolitsa);1342
DE236;Neumarkt in der Oberpfalz;1344
DEF0D;Segeberg;1344
DE227;Landshut, Landkreis;1348
PL227;Rybnicki;1352
BE344;Arr. Neufchâteau;1359
DE145;Alb-Donau-Kreis;1359
BE213;Arr. Turnhout;1360
TRC13;Kilis;1361
DE132;Breisgau-Hochschwarzwald;1378
DE732;Fulda;1380
UKF24;West Northamptonshire;1380
NL125;Zuidwest-Friesland;1385
NL413;Noordoost-Noord-Brabant;1388
DE238;Regensburg, Landkreis;1392
DEF08;Ostholstein;1393
DE27B;Ostallgäu;1394
DE719;Main-Kinzig-Kreis;1398
DE927;Nienburg (Weser);1401
CH033;Aargau;1404
DE146;Biberach;1409
DED44;Vogtlandkreis;1412
DEE08;Burgenlandkreis (DE);1414
DE948;Cloppenburg;1420
DEA34;Borken;1421
DEE0C;Salzlandkreis;1427
DE237;Neustadt an der Waldnaab;1428
DEF05;Dithmarschen;1428
DEE0B;Saalekreis;1434
UKN07;Armagh City, Banbridge and Craigavon;1437
DE21K;Rosenheim, Landkreis;1439
DK013;Nordsjælland;1449
DEE0A;Mansfeld-Südharz;1449
NL31;Utrecht;1449
NL310;Utrecht;1449
PT119;Ave;1451
DEE05;Anhalt-Bitterfeld;1454
DED2E;Meißen;1455
SI038;Primorsko-notranjska;1456
NL414;Zuidoost-Noord-Brabant;1458
DE725;Vogelsbergkreis;1459
DE93A;Uelzen;1463
DE239;Schwandorf;1465
UKM66;Shetland Islands;1469
AT113;Südburgenland;1471
AT127;Wiener Umland/Südteil;1475
UKF15;North Nottinghamshire;1475
DE405;Barnim;1480
DE11A;Schwäbisch Hall;1484
UKM72;Clackmannanshire and Fife;1484
NL211;Noord-Overijssel;1492
CH061;Luzern;1493
EL433;Rethymni;1497
NL33C;Groot-Rijnmond;1497
NL213;Twente;1504
ITC17;Asti;1510
DE11D;Ostalbkreis;1511
EL305;Anatoliki Attiki;1515
NL321;Kop van Noord-Holland;1515
EL542;Thesprotia;1516
DE235;Cham;1520
EL525;Pieria;1524
DE27E;Oberallgäu;1528
DE228;Passau, Landkreis;1530
DE21M;Traunstein;1534
ITF21;Isernia;1535
DE735;Schwalm-Eder-Kreis;1538
ITF48;Barletta-Andria-Trani;1543
ITC32;Savona;1546
DE931;Celle;1551
UKE3;South Yorkshire;1552
ES705;Gran Canaria;1560
NL225;Achterhoek;1561
RO322;Ilfov;1564
UKJ13;Buckinghamshire CC;1565
DE914;Gifhorn;1568
UKI;London;1572
ITC4C;Milano;1576
PL228;Bytomski;1576
DEE06;Jerichower Land;1577
FI2;Åland;1581
FI20;Åland;1581
FI200;Åland;1581
BE351;Arr. Dinant;1597
NL124;Noord-Friesland;1606
ITG18;Ragusa;1624
DEB23;Eifelkreis Bitburg-Prüm;1627
DE148;Ravensburg;1632
UKH23;Hertfordshire;1643
DED52;Leipzig;1651
AL022;Tiranë;1653
DED2F;Sächsische Schweiz-Osterzgebirge;1654
DE40G;Spree-Neiße;1657
ES704;Fuerteventura;1660
AL011;Dibër;1661
CH022;Freiburg;1671
UKN08;Newry, Mourne and Down;1683
FRY1;Guadeloupe;1685
FRY10;Guadeloupe;1685
PT16D;Região de Aveiro;1693
EL521;Imathia;1704
UKM93;East Ayrshire and North Ayrshire mainland;1710
UKJ22;East Sussex CC;1713
EL532;Kastoria;1724
DE408;Havelland;1727
CH04;Zürich;1728
CH040;Zürich;1728
ITF62;Crotone;1736
AT323;Salzburg und Umgebung;1738
UKG12;Worcestershire;1741
AT312;Linz-Wels;1744
HR063;Koprivnicko-krizevacka zupanija;1748
DE91C;Göttingen;1753
ITC4A;Cremona;1770
ITI12;Lucca;1773
UKM95;South Lanarkshire;1774
HR037;Dubrovacko-neretvanska zupanija;1781
AT112;Nordburgenland;1792
DEA37;Steinfurt;1796
EL512;Xanthi;1799
PL22B;Sosnowiecki;1800
AL034;Korcë;1801
RO32;Bucuresti - Ilfov;1804
DE40A;Oberhavel;1808
MK008;Skopski;1813
ITH37;Rovigo;1819
FR104;Essonne;1820
HR023;Pozesko-slavonska zupanija;1823
DED42;Erzgebirgskreis;1828
EL432;Lasithi;1828
PT11C;Tâmega e Sousa;1832
ITC33;Genova;1834
DE736;Waldeck-Frankenberg;1848
ITH57;Ravenna;1859
DE134;Ortenaukreis;1860
ITF44;Brindisi;1861
NL221;Veluwe;1861
EL643;Evrytania;1870
AT341;Bludenz-Bregenzer Wald;1876
DE938;Heidekreis;1881
AL031;Berat;1882
DE407;Elbe-Elster;1900
EL533;Florina;1926
DEE0E;Wittenberg;1930
NL34;Zeeland;1935
ITF12;Teramo;1954
CH03;Nordwestschweiz;1958
UKN0B;Mid Ulster;1958
DEA57;Hochsauerlandkreis;1960
ITI32;Ancona;1963
UKL13;Conwy and Denbighshire;1969
DE256;Ansbach, Landkreis;1971
UKG13;Warwickshire;1978
UKM8;West Central Scotland;1978
ES212;Gipuzkoa;1980
UKN0C;Causeway Coast and Glens;1986
DE922;Diepholz;1991
AT333;Osttirol;2020
BG322;Gabrovo;2023
HR022;Viroviticko-podravska zupanija;2024
DED53;Nordsachsen;2029
HR024;Brodsko-posavska zupanija;2030
AT211;Klagenfurt-Villach;2030
UKE4;West Yorkshire;2030
CH055;St. Gallen;2033
ES709;Tenerife;2034
PL21A;Oswiecimski;2040
PT11A;Área Metropolitana do Porto;2041
UKF13;South and West Derbyshire;2049
SK01;Bratislavský kraj;2053
SK010;Bratislavský kraj;2053
DE932;Cuxhaven;2059
DEF0C;Schleswig-Flensburg;2071
UKD11;West Cumbria;2073
DE937;Rotenburg (Wümme);2075
ITF32;Benevento;2080
ITC12;Vercelli;2082
DEF07;Nordfriesland;2083
AT332;Innsbruck;2095
TR813;Bartin;2100
DE40H;Teltow-Fläming;2104
DEE09;Harz;2105
DED2D;Görlitz;2111
DED43;Mittelsachsen;2117
BE24;Prov. Vlaams-Brabant;2118
DE94E;Osnabrück, Landkreis;2122
EL515;Thasos, Kavala;2122
ITG19;Siracusa;2124
EL645;Fokida;2126
DE80M;Nordwestmecklenburg;2127
ITI22;Terni;2127
SI042;Gorenjska;2137
ITG15;Caltanissetta;2138
DE40F;Prignitz;2139
ITH36;Padova;2144
DE409;Märkisch-Oderland;2159
EL411;Lesvos, Limnos;2161
SI032;Podravska;2170
UKG11;Herefordshire, County of;2180
DEF0B;Rendsburg-Eckernförde;2189
PL712;Lódzki;2206
NL42;Limburg (NL);2209
ES213;Bizkaia;2212
UKH17;Breckland & South Norfolk;2213
PT111;Alto Minho;2219
PT16B;Oeste;2220
UKC14;Durham CC;2232
AT314;Steyr-Kirchdorf;2238
UKM71;Angus and Dundee City;2245
ITI44;Latina;2256
DE40C;Oder-Spree;2257
ITC14;Verbano-Cusio-Ossola;2261
HU212;Komárom-Esztergom;2264
UKD6;Cheshire;2264
AT225;West- und Südsteiermark;2267
DE406;Dahme-Spreewald;2274
ITH41;Pordenone;2275
ITH53;Reggio nell'Emilia;2291
DEE04;Altmarkkreis Salzwedel;2293
EL652;Korinthia;2295
DE929;Region Hannover;2297
EL62;Ionia Nisia;2301
SI034;Savinjska;2301
FR103;Yvelines;2307
MK007;Severoistocen;2310
PT2;Região Autónoma dos Açores (PT);2322
PT20;Região Autónoma dos Açores (PT);2322
PT200;Região Autónoma dos Açores (PT);2322
SI043;Goriska;2325
SI041;Osrednjeslovenska;2334
ITC4B;Mantova;2341
PL225;Bielski;2353
DEE07;Börde;2367
ITH58;Forlì-Cesena;2378
EL434;Chania;2379
BG414;Pernik;2392
AL014;Lezhë;2392
DED2C;Bautzen;2396
UKH16;North & West Norfolk;2403
NL11;Groningen;2405
UKE12;East Riding of Yorkshire;2406
AT125;Weinviertel;2412
NL23;Flevoland;2413
NL230;Flevoland;2413
BG324;Razgrad;2414
ITF63;Catanzaro;2415
DEE0D;Stendal;2423
BE22;Prov. Limburg (BE);2429
MK006;Poloski;2431
ITI17;Pisa;2445
PT16F;Região de Leiria;2449
HR026;Vukovarsko-srijemska zupanija;2454
PL913;Warszawski zachodni;2463
ITF43;Taranto;2467
AL013;Kukës;2469
ITG11;Trapani;2470
ITH35;Venezia;2473
UKF22;Leicestershire CC and Rutland;2478
ITH34;Treviso;2480
FRY4;La Réunion;2504
FRY40;La Réunion;2504
EL524;Pella;2507
AT315;Traunviertel;2516
UKK25;Dorset;2521
EL523;Kilkis;2524
DE40D;Ostprignitz-Ruppin;2527
PL926;Zyrardowski;2536
HU313;Nógrád;2544
UKL12;Gwynedd;2548
EL513;Rodopi;2550
UKJ36;Central Hampshire;2556
DK01;Hovedstaden;2559
ITI31;Pesaro e Urbino;2568
DEC;Saarland;2571
DEC0;Saarland;2571
TR423;Düzce;2574
ITG16;Enna;2575
ITH51;Piacenza;2586
DE40E;Potsdam-Mittelmark;2592
LU;Luxembourg;2595
LU0;Luxembourg;2595
LU00;Luxembourg;2595
LU000;Luxembourg;2595
EL422;Andros, Thira, Kea, Milos, Mykonos, Naxos, Paros, Syros, Tinos;2599
ITF14;Chieti;2600
AT34;Vorarlberg;2602
PL217;Tarnowski;2605
UKJ14;Oxfordshire;2606
EL633;Ileia;2622
UKG24;Staffordshire CC;2623
PL219;Nowotarski;2632
ITH56;Ferrara;2635
EL613;Magnisia;2640
HR021;Bjelovarsko-bilogorska zupanija;2640
EL431;Irakleio;2642
EL541;Arta, Preveza;2644
ITF31;Caserta;2651
UKK13;Gloucestershire;2653
AT313;Mühlviertel;2660
SI037;Jugovzhodna Slovenija;2675
NL13;Drenthe;2680
ITH54;Modena;2688
AL033;Gjirokastër;2705
BG334;Targovishte;2711
EL421;Kalymnos, Karpathos, Kasos, Kos, Rodos;2712
ITH32;Vicenza;2723
AT126;Wiener Umland/Nordteil;2723
ITC46;Bergamo;2746
ITI42;Rieti;2751
MK004;Jugoistocen;2767
ITI33;Macerata;2779
ITF45;Lecce;2799
ITF34;Avellino;2806
CH07;Ticino;2812
CH070;Ticino;2812
HR036;Istarska zupanija;2813
AT311;Innviertel;2823
BG325;Silistra;2846
BG323;Ruse;2868
BE21;Prov. Antwerpen;2876
UKH2;Bedfordshire and Hertfordshire;2878
AL032;Fier;2879
DE949;Emsland;2884
PL613;Bydgosko-Torunski;2916
PT11B;Alto Tâmega;2922
EL527;Chalkidiki;2924
ITF22;Campobasso;2926
EL641;Voiotia;2955
ITC48;Pavia;2969
HR034;Sibensko-kninska zupanija;2984
ITG2G;Oristano;2992
BE23;Prov. Oost-Vlaanderen;3009
UKN0G;Fermanagh and Omagh;3013
PT17;Área Metropolitana de Lisboa;3015
PT170;Área Metropolitana de Lisboa;3015
UKC1;Tees Valley and Durham;3027
BG311;Vidin;3035
ES211;Araba/Álava;3037
SE221;Blekinge län;3039
PL224;Czestochowski;3049
BG415;Kyustendil;3053
ITG14;Agrigento;3053
UKH12;Cambridgeshire CC;3053
HR065;Zagrebacka zupanija;3060
AT226;Westliche Obersteiermark;3061
UKD4;Lancashire;3076
DE40I;Uckermark;3077
UKM64;Eilean Siar (Western Isles);3092
ITH31;Verona;3096
PL912;Warszawski wschodni;3124
CZ051;Liberecký kraj;3163
SE214;Gotlands län;3166
BE25;Prov. West-Vlaanderen;3167
TR633;Osmaniye;3194
ITC44;Sondrio;3196
UKG22;Shropshire CC;3197
BG424;Smolyan;3205
ITF65;Reggio di Calabria;3210
AT223;Östliche Obersteiermark;3210
BG425;Kardzhali;3212
CH011;Vaud;3212
DE80L;Vorpommern-Rügen;3214
ITI18;Arezzo;3233
PT16G;Viseu Dão Lafões;3238
ITI45;Frosinone;3247
NL33;Zuid-Holland;3247
UKK15;Wiltshire CC;3255
FRK26;Rhône;3259
ITC2;Valle d'Aosta/Vallée d'Aoste;3261
ITC20;Valle d'Aosta/Vallée d'Aoste;3261
ITG13;Messina;3266
EL632;Achaia;3273
CZ041;Karlovarský kraj;3310
AL021;Elbasan;3314
AT222;Liezen;3319
AT334;Tiroler Oberland;3320
AT224;Oststeiermark;3329
TR811;Zonguldak;3333
HU222;Vas;3336
PL618;Swiecki;3340
PT16I;Médio Tejo;3344
PL923;Plocki;3352
BG343;Yambol;3356
AT121;Mostviertel-Eisenwurzen;3356
AT122;Niederösterreich-Süd;3368
AT213;Unterkärnten;3375
BG333;Shumen;3395
NL32;Noord-Holland;3403
NL21;Overijssel;3421
DE80K;Landkreis Rostock;3431
ITH52;Parma;3448
UKK23;Somerset;3452
EE00A;Kirde-Eesti;3454
EL514;Drama;3468
PL516;Legnicko-Glogowski;3473
DK031;Fyn;3479
ITF52;Matera;3479
TRA23;Igdir;3483
ITI14;Firenze;3514
UKE1;East Yorkshire and Northern Lincolnshire;3515
PL218;Nowosadecki;3525
AL012;Durrës;3528
FRF12;Haut-Rhin;3532
MK002;Istocen;3537
BG342;Sliven;3544
RO314;Giurgiu;3544
PL823;Rzeszowski;3551
ITC18;Alessandria;3559
UKK3;Cornwall and Isles of Scilly;3566
UKK30;Cornwall and Isles of Scilly;3566
ITG17;Catania;3574
FRL06;Vaucluse;3578
HR031;Primorsko-goranska zupanija;3588
TR421;Kocaeli;3600
MK003;Jugozapaden;3604
ITI41;Viterbo;3615
BG313;Vratsa;3620
HR027;Karlovacka zupanija;3626
BG312;Montana;3629
HU312;Heves;3637
ES532;Mallorca;3640
HR033;Zadarska zupanija;3646
PL619;Wloclawski;3656
ITH33;Belluno;3672
BE35;Prov. Namur;3676
UKH3;Essex;3678
EL522;Thessaloniki;3683
ITH55;Bologna;3703
HU233;Tolna;3703
RO123;Covasna;3707
FRJ28;Tarn-et-Garonne;3731
AL035;Vlorë;3737
TRA13;Bayburt;3739
UKJ4;Kent;3740
HU223;Zala;3784
UKH14;Suffolk;3802
BE32;Prov. Hainaut;3814
EL3;Attiki;3817
EL30;Attiki;3817
ITI19;Siena;3821
BG331;Varna;3822
EL41;Voreio Aigaio;3848
BE33;Prov. Liège;3858
ITF47;Bari;3863
RO116;Salaj;3868
TR904;Rize;3936
DE80N;Vorpommern-Greifswald;3946
CZ072;Zlínský kraj;3962
AT11;Burgenland (AT);3964
EL526;Serres;3972
AT335;Tiroler Unterland;3976
DED5;Leipzig;3978
NL12;Friesland (NL);3997
PL617;Inowroclawski;4006
FRM01;Corse-du-Sud;4019
PT11D;Douro;4032
PL214;Krakowski;4054
PL616;Grudziadzki;4054
RO313;Dâmbovita;4056
MK001;Vardarski;4063
PL715;Skierniewicki;4082
PL523;Nyski;4092
PL638;Starogardzki;4102
PL637;Chojnicki;4105
TR812;Karabük;4105
FRJ15;Pyrénées-Orientales;4107
AT212;Oberkärnten;4132
BG315;Lovech;4133
SK021;Trnavský kraj;4146
UKJ3;Hampshire and Isle of Wight;4149
HR025;Osjecko-baranjska zupanija;4155
EL642;Evvoia;4167
PL517;Walbrzyski;4180
HU221;Gyor-Moson-Sopron;4208
PL814;Lubelski;4221
EL511;Evros;4247
HU333;Csongrád;4262
PT185;Lezíria do Tejo;4275
PL822;Przemyski;4293
FRL03;Alpes-Maritimes;4296
PL634;Gdanski;4303
TR413;Bilecik;4308
EE001;Põhja-Eesti;4327
PT16E;Região de Coimbra;4336
LT028;Telsiu apskritis;4349
HU211;Fejér;4359
PL426;Koszalinski;4365
AT322;Pinzgau-Pongau;4396
LT027;Taurages apskritis;4408
RO115;Satu Mare;4420
HU231;Baranya;4429
EL644;Fthiotida;4442
RO315;Ialomita;4455
BG423;Pazardzhik;4456
BE34;Prov. Luxembourg (BE);4461
ITF2;Molise;4461
HU213;Veszprém;4463
LT024;Marijampoles apskritis;4465
PL824;Tarnobrzeski;4465
RO224;Galati;4465
HR028;Sisacko-moslavacka zupanija;4468
CH06;Zentralschweiz;4482
ES114;Pontevedra;4494
SK022;Trenciansky kraj;4502
ITI1A;Grosseto;4503
CZ053;Pardubický kraj;4519
FRJ26;Hautes-Pyrénées;4521
HR035;Splitsko-dalmatinska zupanija;4540
TR711;Kirikkale;4570
AT124;Waldviertel;4615
PT16H;Beira Baixa;4615
TR901;Trabzon;4631
BG314;Pleven;4651
BG321;Veliko Tarnovo;4661
TRC32;Batman;4661
FRM02;Haute-Corse;4707
RO316;Prahova;4715
BG332;Dobrich;4720
UKM91;Scottish Borders;4739
UKD12;East Cumbria;4749
CZ052;Královéhradecký kraj;4759
RO221;Braila;4766
DE80O;Ludwigslust-Parchim;4767
ITC47;Brescia;4786
UKF1;Derbyshire and Nottinghamshire;4788
FRF11;Bas-Rhin;4797
FRK25;Loire;4804
FRK28;Haute-Savoie;4840
RO226;Vrancea;4854
TR422;Sakarya;4896
ITH42;Udine;4907
MK005;Pelagoniski;4910
FRJ21;Ariège;4911
UKF2;Leicestershire, Rutland and Northamptonshire;4918
DEB2;Trier;4926
PL418;Poznanski;4927
RO413;Mehedinti;4942
ITF35;Salerno;4954
AL02;Qender;4967
RO212;Botosani;4987
ES53;Illes Balears;4990
EL543;Ioannina;4992
PT15;Algarve;4997
PT150;Algarve;4997
FRK13;Haute-Loire;5004
ITG12;Palermo;5009
UKC21;Northumberland;5026
PL721;Kielecki;5031
ES23;La Rioja;5045
ES230;La Rioja;5045
ITF11;L'Aquila;5049
FRC22;Jura;5050
NL41;Noord-Brabant;5082
RO312;Calarasi;5087
TRA24;Ardahan;5125
PL841;Bialostocki;5133
NL22;Gelderland;5137
BG344;Stara Zagora;5150
FRJ14;Lozère;5176
UKL24;Powys;5195
FRG03;Mayenne;5213
FI1D5;Keski-Pohjanmaa;5219
LT023;Klaipedos apskritis;5222
CH012;Valais;5223
FRJ25;Lot;5226
FRF21;Ardennes;5245
PL636;Slupski;5246
FRL04;Bouches-du-Rhône;5247
PL922;Ciechanowski;5255
FRC21;Doubs;5256
CZ071;Olomoucký kraj;5273
FRF31;Meurthe-et-Moselle;5285
DEA1;Düsseldorf;5291
PT181;Alentejo Litoral;5309
EL42;Notio Aigaio;5311
RO216;Vaslui;5317
PL524;Opolski;5320
ES13;Cantabria;5326
ES130;Cantabria;5326
CZ042;Ústecký kraj;5339
TR1;Istanbul;5340
TR10;Istanbul;5340
TR100;Istanbul;5340
HR032;Licko-senjska zupanija;5353
RO112;Bistrita-Nasaud;5358
RO122;Brasov;5361
ITI43;Roma;5363
TR334;Usak;5369
DE72;Gießen;5382
FRI14;Lot-et-Garonne;5385
EL612;Larisa;5387
FRC23;Haute-Saône;5391
TR714;Nevsehir;5394
ITC3;Liguria;5416
LT021;Alytaus apskritis;5418
EL631;Aitoloakarnania;5419
CZ08;Moravskoslezsko;5430
CZ080;Moravskoslezský kraj;5430
RO126;Sibiu;5432
UKJ2;Surrey, East and West Sussex;5457
RO213;Iasi;5477
TRC34;Siirt;5477
DE80J;Mecklenburgische Seenplatte;5496
RO414;Olt;5503
BG422;Haskovo;5532
PL821;Krosnienski;5537
PT11E;Terras de Trás-os-Montes;5544
FRI23;Haute-Vienne;5557
FRK22;Ardèche;5566
UKC2;Northumberland and Tyne and Wear;5566
PL515;Jeleniogórski;5569
RO412;Gorj;5572
HU322;Jász-Nagykun-Szolnok;5582
FRI22;Creuse;5600
FRD11;Calvados;5605
HU332;Békés;5630
PL815;Pulawski;5634
FI1C4;Kymenlaakso;5634
TR631;Hatay;5640
ITG2E;Nuoro;5642
SE125;Västmanlands län;5658
PL714;Sieradzki;5667
SE231;Hallands län;5687
FRL02;Hautes-Alpes;5691
TR834;Amasya;5704
FI1C2;Kanta-Häme;5708
UKJ1;Berkshire, Buckinghamshire and Oxfordshire;5744
FRE11;Nord;5750
PL921;Radomski;5763
RO415;Vâlcea;5764
FRK12;Cantal;5774
UKL14;South West Wales;5779
FRJ27;Tarn;5782
FRK21;Ain;5785
PL416;Kaliski;5786
RO317;Teleorman;5788
EL531;Grevena, Kozani;5812
ES521;Alicante/Alacant;5817
TR823;Sinop;5832
DK042;Østjylland;5842
FRJ12;Gard;5875
FRE22;Oise;5890
FRF34;Vosges;5897
RO214;Neamt;5897
FRI21;Corrèze;5899
UKG1;Herefordshire, Worcestershire and Warwickshire;5899
TR902;Ordu;5902
ES512;Girona;5909
TR212;Edirne;5920
FR102;Seine-et-Marne;5927
FRB02;Eure-et-Loir;5932
HU323;Szabolcs-Szatmár-Bereg;5932
UKF3;Lincolnshire;5937
UKF30;Lincolnshire;5937
CH021;Bern;5959
BG421;Plovdiv;5961
PL713;Piotrkowski;5971
FRI31;Charente;5974
PL811;Bialski;5977
PL417;Leszczynski;5995
FRD12;Manche;6007
EL611;Karditsa, Trikala;6023
FRF22;Aube;6028
FRL05;Var;6032
FRD21;Eure;6034
FRI33;Deux-Sèvres;6040
PL925;Siedlecki;6044
HU232;Somogy;6065
PT186;Alto Alentejo;6084
RO222;Buzau;6101
PL91;Warszawski stoleczny;6104
PL431;Gorzowski;6113
FRD13;Orne;6146
UKK2;Dorset and Somerset;6147
FRB04;Indre-et-Loire;6157
FRJ13;Hérault;6162
FRE23;Somme;6196
UKG2;Shropshire and Staffordshire;6203
ITH2;Provincia Autonoma di Trento;6207
ITH20;Trento;6207
HU321;Hajdú-Bihar;6209
FRF32;Meuse;6235
PL843;Suwalski;6237
FRG04;Sarthe;6246
RO121;Alba;6250
FRF33;Moselle;6252
FI1C3;Päijät-Häme;6255
FRF24;Haute-Marne;6257
FRK27;Savoie;6270
FRJ24;Gers;6301
ES514;Tarragona;6303
RO114;Maramures;6303
PT16J;Beiras e Serra da Estrela;6305
FRD22;Seine-Maritime;6321
FRJ11;Aude;6323
ITI21;Perugia;6337
SK023;Nitriansky kraj;6344
PL623;Elcki;6347
FRJ23;Haute-Garonne;6358
TR211;Tekirdag;6386
HU12;Pest;6391
HU120;Pest;6391
PL414;Koninski;6397
DK022;Vest- og Sydsjælland;6416
FRB05;Loir-et-Cher;6422
PL518;Wroclawski;6432
UKM92;Dumfries & Galloway;6438
TR906;Gümüshane;6439
BG413;Blagoevgrad;6451
PL411;Pilski;6459
UKM5;North Eastern Scotland;6504
UKM50;Aberdeen City and Aberdeenshire;6504
PL924;Ostrolecki;6505
DEA4;Detmold;6524
DED4;Chemnitz;6528
TR213;Kirklareli;6533
ITG2H;Sud Sardegna;6535
TR715;Kirsehir;6536
FRK23;Drôme;6559
UKK43;Devon CC;6567
EL651;Argolida, Arkadia;6576
ITF51;Potenza;6594
RO211;Bacau;6622
ES522;Castellón/Castelló;6632
RO124;Harghita;6637
EL653;Lakonia, Messinia;6638
IE063;Midland;6651
RO113;Cluj;6672
PL722;Sandomiersko-jedrzejowski;6678
FRE12;Pas-de-Calais;6694
RO125;Mures;6705
ITF61;Cosenza;6710
UKK4;Devon;6710
SK042;Kosický kraj;6754
FRH02;Finistère;6765
FRG05;Vendée;6773
TR903;Giresun;6782
CZ063;Kraj Vysocina;6796
SK031;Zilinský kraj;6809
FRB06;Loiret;6813
RO311;Arges;6822
UKD1;Cumbria;6822
ITC11;Torino;6827
FRH03;Ille-et-Vilaine;6839
TRC11;Gaziantep;6844
DEB3;Rheinhessen-Pfalz;6852
FI1C5;Etelä-Karjala;6872
FRC12;Nièvre;6875
FRH04;Morbihan;6879
IE062;Mid-East;6889
ITC16;Cuneo;6895
FRB03;Indre;6899
FRG01;Loire-Atlantique;6912
FRI32;Charente-Maritime;6914
HU1;Közép-Magyarország;6916
DE12;Karlsruhe;6917
DEA3;Münster;6918
ES416;Segovia;6924
FRH01;Côtes-d'Armor;6988
TRB24;Hakkari;6991
FRL01;Alpes-de-Haute-Provence;6995
TRC33;Sirnak;6998
ITF46;Foggia;7008
SE122;Södermanlands län;7026
FRI34;Vienne;7039
BG412;Sofia;7063
RO423;Hunedoara;7072
RO223;Constanta;7104
CH056;Graubünden;7107
TR613;Burdur;7134
SE11;Stockholm;7153
SE110;Stockholms län;7153
AT32;Salzburg;7154
DK041;Vestjylland;7165
CZ064;Jihomoravský kraj;7188
LT029;Utenos apskritis;7191
IE052;South-East (IE);7196
DK02;Sjælland;7224
ES21;País Vasco;7229
DE24;Oberfranken;7232
FRG02;Maine-et-Loire;7232
DE25;Mittelfranken;7243
HU311;Borsod-Abaúj-Zemplén;7245
ES113;Ourense;7273
NL4;Zuid-Nederland;7291
FRB01;Cher;7306
ES617;Málaga;7309
PL621;Elblaski;7334
DEA2;Köln;7365
TR713;Nigde;7367
TR905;Artvin;7368
FRK11;Allier;7379
PT187;Alentejo Central;7393
ITH1;Provincia Autonoma di Bolzano/Bozen;7398
ITH10;Bolzano-Bozen;7398
FRE21;Aisne;7419
RO411;Dolj;7425
ES612;Cádiz;7436
PL428;Szczecinski;7438
DE71;Darmstadt;7445
ES7;Canarias;7447
ES70;Canarias;7447
FRC14;Yonne;7462
UKK1;Gloucestershire, Wiltshire and Bristol/Bath area;7471
TR822;Çankiri;7488
TRC12;Adiyaman;7529
RO111;Bihor;7539
TRB14;Tunceli;7631
UKM77;Perth & Kinross and Stirling;7637
CZ032;Plzenský kraj;7649
UKL2;East Wales;7650
FRI15;Pyrénées-Atlantiques;7685
ITG2D;Sassari;7689
ES511;Barcelona;7729
RO421;Arad;7746
BG341;Burgas;7751
TR321;Aydin;7803
SI04;Zahodna Slovenija;7840
ITH4;Friuli-Venezia Giulia;7862
PL432;Zielonogórski;7875
LT025;Panevezio apskritis;7878
DK05;Nordjylland;7879
DK050;Nordjylland;7879
FRK24;Isère;7879
FI195;Pohjanmaa;7934
UKM62;Inverness & Nairn and Moray, Badenoch & Strathspey;7939
DED2;Dresden;7944
ES111;A Coruña;7949
TR712;Aksaray;7995
DEA5;Arnsberg;8012
FRK14;Puy-de-Dôme;8015
HR06;Sjeverna Hrvatska;8028
ES3;Comunidad de Madrid;8031
ES30;Comunidad de Madrid;8031
ES300;Madrid;8031
UKE22;North Yorkshire CC;8040
ES411;Ávila;8050
ES414;Palencia;8052
TRB22;Mus;8071
DEB1;Koblenz;8075
LT022;Kauno apskritis;8086
ES418;Valladolid;8110
DE91;Braunschweig;8116
FRF23;Marne;8190
TRB13;Bingöl;8259
FI196;Satakunta;8268
DE73;Kassel;8288
UKE2;North Yorkshire;8312
FRF1;Alsace;8329
TR424;Bolu;8340
EL43;Kriti;8346
HU331;Bács-Kiskun;8444
ITI2;Umbria;8464
RO225;Tulcea;8484
DE26;Unterfranken;8530
RO422;Caras-Severin;8532
LT026;Siauliu apskritis;8537
PT184;Baixo Alentejo;8543
RO215;Suceava;8553
UKC;North East (UK);8593
SE121;Uppsala län;8608
FRC13;Saône-et-Loire;8615
CZ04;Severozápad;8649
RO424;Timis;8692
TRC31;Mardin;8697
CH01;Région lémanique;8717
FRM;Corse;8726
FRM0;Corse;8726
FRJ22;Aveyron;8773
ES611;Almería;8775
DK032;Sydjylland;8777
FRC11;Côte-d'Or;8802
PL842;Lomzynski;8817
TRB23;Bitlis;8850
TR522;Karaman;8869
DE14;Tübingen;8917
TR612;Isparta;8942
SK041;Presovský kraj;8973
DE92;Hannover;9065
NL1;Noord-Nederland;9082
EE009;Kesk-Eesti;9135
EL54;Ipeiros;9152
FRI11;Dordogne;9222
CZ07;Strední Morava;9235
CY;Cyprus;9253
CY0;Kypros;9253
CY00;Kypros;9253
CY000;Kypros;9253
PL812;Chelmsko-zamojski;9291
TRB12;Elazig;9339
FRI13;Landes;9352
DE13;Freiburg;9355
NO0A1;Rogaland;9377
SE212;Kronobergs län;9384
ITI3;Marche;9401
PL52;Opolskie;9412
TR831;Samsun;9433
SK032;Banskobystrický kraj;9454
EL53;Dytiki Makedonia;9462
AT21;Kärnten;9537
TR81;Zonguldak, Karabük, Bartin;9538
FI1B;Helsinki-Uusimaa;9568
FI1B1;Helsinki-Uusimaa;9568
SE124;Örebro län;9633
DE23;Oberpfalz;9691
TR222;Çanakkale;9700
LT01;Sostines regionas;9730
LT011;Vilniaus apskritis;9730
ES112;Lugo;9855
TRA22;Kars;9959
DE27;Schwaben;9991
NL3;West-Nederland;10034
CZ031;Jihocecký kraj;10058
CH02;Espace Mittelland;10061
TR832;Tokat;10072
ITF5;Basilicata;10073
ES615;Huelva;10128
LV007;Pieriga;10140
FRI12;Gironde;10160
IE051;Mid-West;10236
ES417;Soria;10306
DE22;Niederbayern;10328
PL622;Olsztynski;10330
PL427;Szczecinecko-pyrzycki;10339
ES22;Comunidad Foral de Navarra;10391
ES220;Navarra;10391
DE11;Stuttgart;10556
ES419;Zamora;10561
ES12;Principado de Asturias;10601
ES120;Asturias;10601
LV009;Zemgale;10740
ES523;Valencia/València;10806
AL01;Veri;10820
ITF1;Abruzzo;10833
TR411;Bursa;10893
FI1C1;Varsinais-Suomi;10910
CZ02;Strední Cechy;10929
CZ020;Stredoceský kraj;10929
NL2;Oost-Nederland;10971
HU21;Közép-Dunántúl;11086
EE004;Lääne-Eesti;11204
SE224;Skåne län;11302
EL63;Dytiki Ellada;11314
ES62;Región de Murcia;11314
ES620;Murcia;11314
HU22;Nyugat-Dunántúl;11328
TRA21;Agri;11381
IE041;Border;11513
CH05;Ostschweiz;11529
SE213;Kalmar län;11636
SE211;Jönköpings län;11693
PL72;Swietokrzyskie;11709
TRA12;Erzincan;11741
TR31;Izmir;11802
TR310;Izmir;11802
TR322;Denizli;11804
AT31;Oberösterreich;11981
TR333;Kütahya;12016
FR1;Île de France;12070
FR10;Île de France;12070
TRB11;Malatya;12110
ES513;Lleida;12169
ES424;Guadalajara;12210
SE123;Östergötlands län;12229
IE053;South-West (IE);12253
DK03;Syddanmark;12256
PL22;Slaskie;12333
ES415;Salamanca;12350
FRD2;Haute-Normandie;12355
TR323;Mugla;12420
SI03;Vzhodna Slovenija;12433
CZ05;Severovýchod;12441
FRE1;Nord-Pas-de-Calais;12444
UKH1;East Anglia;12580
ES614;Granada;12648
AT33;Tirol;12648
TR833;Çorum;12794
UKG;West Midlands (UK);13004
AL03;Jug;13004
DK04;Midtjylland;13007
UKM61;Caithness & Sutherland and Ross & Cromarty;13064
UKL1;West Wales and The Valleys;13131
TR821;Kastamonu;13177
TR331;Manisa;13236
UKM7;Eastern Scotland;13389
HU31;Észak-Magyarország;13426
ES616;Jaén;13496
BE2;Vlaams Gewest;13599
LV003;Kurzeme;13603
ITF3;Campania;13670
ES613;Córdoba;13772
ME;Montenegro;13882
ME0;Crna Gora;13882
ME00;Crna Gora;13882
ME000;Crna Gora;13882
TR621;Adana;13906
TR412;Eskisehir;13907
CZ06;Jihovýchod;13984
PL43;Lubuskie;13988
FI194;Etelä-Pohjanmaa;13999
ES618;Sevilla;14036
EL61;Thessalia;14050
TR723;Yozgat;14081
UKD;North West (UK);14164
EL51;Anatoliki Makedonia, Thraki;14186
HU23;Dél-Dunántúl;14197
IE042;West;14283
ES412;Burgos;14291
UKN;Northern Ireland (UK);14335
UKN0;Northern Ireland (UK);14335
SE22;Sydsverige;14341
NO0A3;Møre og Romsdal;14356
TR221;Balikesir;14367
TR632;Kahramanmaras;14463
IE06;Eastern and Midland;14466
UKM63;Lochaber, Skye & Lochalsh, Arran & Cumbrae and Argyll & Bute;14469
LV005;Latgale;14547
FI197;Pirkanmaa;14613
BG33;Severoiztochen;14648
TR332;Afyonkarahisar;14730
ES242;Teruel;14810
BG32;Severen tsentralen;14812
ES421;Albacete;14927
DE94;Weser-Ems;14987
SK02;Západné Slovensko;14992
PL21;Malopolskie;15183
TRC22;Diyarbakir;15210
ITF6;Calabria;15222
LV008;Vidzeme;15252
TR622;Mersin;15345
ES425;Toledo;15367
UKE;Yorkshire and The Humber;15409
EL65;Peloponnisos;15509
DE93;Lüneburg;15542
EL64;Sterea Ellada;15560
ES413;León;15581
ES241;Huesca;15637
UKF;East Midlands (UK);15643
SK04;Východné Slovensko;15727
TRC1;Gaziantep, Adiyaman, Kilis;15734
DEF;Schleswig-Holstein;15802
DEF0;Schleswig-Holstein;15802
UKM9;Southern Scotland;15885
DEG;Thüringen;16201
DEG0;Thüringen;16201
SK03;Stredné Slovensko;16263
FRC2;Franche-Comté;16308
AT22;Steiermark;16398
NO092;Agder;16434
BE3;Région wallonne;16906
FRI2;Limousin;17056
TR721;Kayseri;17118
ES423;Cuenca;17140
EE008;Lõuna-Eesti;17216
ITI4;Lazio;17232
ES243;Zaragoza;17275
NO091;Vestfold og Telemark;17466
EL4;Nisia Aigaiou, Kriti;17505
DE21;Oberbayern;17528
CZ03;Jihozápad;17707
HU32;Észak-Alföld;17723
FRD1;Basse-Normandie;17758
PL82;Podkarpackie;17846
PL61;Kujawsko-Pomorskie;17972
PL63;Pomorskie;18170
PL71;Lódzkie;18219
HU33;Dél-Alföld;18336
ITH3;Veneto;18407
DED;Sachsen;18450
EL52;Kentriki Makedonia;18838
TR21;Tekirdag, Edirne, Kirklareli;18839
BG31;Severozapaden;19068
UKJ;South East (UK);19090
FI1D1;Etelä-Savo;19130
UKH;East of England;19136
AT12;Niederösterreich;19179
TRC21;Sanliurfa;19301
FRE2;Picardie;19505
ITF4;Puglia;19541
SE313;Gävleborgs län;19629
BG34;Yugoiztochen;19801
ES422;Ciudad Real;19814
DEB;Rheinland-Pfalz;19853
ES432;Cáceres;19868
PL51;Dolnoslaskie;19947
FI193;Keski-Suomi;19949
PL84;Podlaskie;20187
TR42;Kocaeli, Sakarya, Düzce, Bolu, Yalova;20216
SI;Slovenia;20273
SI0;Slovenija;20273
BG41;Yugozapaden;20301
FI1D2;Pohjois-Savo;20366
DEE;Sachsen-Anhalt;20454
DEE0;Sachsen-Anhalt;20454
TR611;Antalya;20486
TRB21;Van;20568
UKL;Wales;20781
DE7;Hessen;21115
PT11;Norte;21287
FI1D3;Pohjois-Karjala;21584
ES431;Badajoz;21766
SE311;Värmlands län;21789
BG42;Yuzhen tsentralen;22366
PL42;Zachodniopomorskie;22443
ITH5;Emilia-Romagna;22453
FI1D8;Kainuu;22688
SE321;Västernorrlands län;22957
ITI1;Toscana;22988
HR02;Panonska Hrvatska;23220
ES52;Comunitat Valenciana;23255
DE8;Mecklenburg-Vorpommern;23293
DE80;Mecklenburg-Vorpommern;23293
TR63;Hatay, Kahramanmaras, Osmaniye;23297
AT1;Ostösterreich;23558
FRF3;Lorraine;23669
ITC4;Lombardia;23864
UKK;South West (UK);23894
PL62;Warminsko-Mazurskie;24011
TR22;Balikesir, Çanakkale;24067
ITG2;Sardegna;24106
NO082;Viken;24593
HR03;Jadranska Hrvatska;24705
NO08;Oslo og Viken;25047
PL81;Lubelskie;25123
TRA11;Erzurum;25338
ITC1;Piemonte;25387
MK;North Macedonia;25435
MK0;Severna Makedonija;25435
MK00;Severna Makedonija;25435
TR51;Ankara;25460
TR510;Ankara;25460
FRF2;Champagne-Ardenne;25720
IE04;Northern and Western;25796
ITG1;Sicilia;25833
TRC3;Mardin, Batman, Sirnak, Siirt;25833
AT2;Südösterreich;25935
FRI3;Poitou-Charentes;25967
FRK1;Auvergne;26172
TR82;Kastamonu, Çankiri, Sinop;26497
FRH;Bretagne;27471
FRH0;Bretagne;27471
PL2;Makroregion Poludniowy;27516
FRJ1;Languedoc-Roussillon;27643
PT16;Centro (PT);28200
TR722;Sivas;28583
SE232;Västra Götalands län;28778
AL;Albania;28791
AL0;Shqipëria;28791
TR41;Bursa, Eskisehir, Bilecik;29108
RO41;Sud-Vest Oltenia;29206
TR62;Adana, Mersin;29251
PL5;Makroregion Poludniowo-Zachodni;29359
PL92;Mazowiecki regionalny;29455
ES11;Galicia;29571
DE4;Brandenburg;29656
DE40;Brandenburg;29656
IE05;Southern;29685
PL41;Wielkopolskie;29826
PL7;Makroregion Centralny;29928
TRA2;Agri, Kars, Igdir, Ardahan;29948
FRD;Normandie;30113
SE312;Dalarnas län;30222
BE;Belgium;30667
PT18;Alentejo;31604
FRC1;Bourgogne;31754
FRL;Provence-Alpes-Côte d'Azur;31839
FRL0;Provence-Alpes-Côte d'Azur;31839
TR71;Kirikkale, Aksaray, Nigde, Nevsehir, Kirsehir;31862
FRE;Hauts-de-France;31949
TR32;Aydin, Denizli, Mugla;32027
RO42;Vest;32042
ES51;Cataluña;32110
FRG;Pays-de-la-Loire;32376
FRG0;Pays-de-la-Loire;32376
NO0A2;Vestland;33871
NO09;Agder og Sør-Østlandet;33900
RO12;Centru;34092
DEA;Nordrhein-Westfalen;34110
RO11;Nord-Vest;34160
AT3;Westösterreich;34385
SE23;Västsverige;34465
RO31;Sud - Muntenia;34467
TRC2;Sanliurfa, Diyarbakir;34511
TR9;Dogu Karadeniz;35058
TR90;Trabzon, Ordu, Giresun, Rize, Artvin, Gümüshane;35058
FI1C;Etelä-Suomi;35379
PL9;Makroregion Województwo Mazowieckie;35559
DE1;Baden-Württemberg;35745
RO22;Sud-Est;35774
SE21;Småland med öarna;35879
RO3;Macroregiunea trei;36271
TR61;Antalya, Isparta, Burdur;36562
HU2;Dunántúl;36611
RO21;Nord-Est;36853
TRB1;Malatya, Elazig, Bingöl, Tunceli;37339
NL;Netherlands;37378
TR83;Samsun, Tokat, Çorum, Amasya;38003
NO071;Nordland;38155
FI1D9;Pohjois-Pohjanmaa;39150
FRB;Centre - Val de Loire;39529
FRB0;Centre - Val de Loire;39529
TR521;Konya;40678
TRA1;Erzurum, Erzincan, Bayburt;40818
UKM6;Highlands and Islands;41046
CH;Switzerland;41287
CH0;Schweiz/Suisse/Svizzera;41287
ES43;Extremadura;41634
FRI1;Aquitaine;41804
NO06;Trøndelag;42202
NO060;Trøndelag;42202
BG4;Yugozapadna i yuzhna tsentralna Bulgaria;42667
TR2;Bati Marmara;42906
DK;Denmark;42925
DK0;Danmark;42925
SE12;Östra Mellansverige;43154
TRB2;Van, Mus, Bitlis, Hakkari;44480
FRK2;Rhône-Alpes;44962
EE;Estonia;45336
EE0;Eesti;45336
EE00;Eesti;45336
TR33;Manisa, Afyonkarahisar, Kütahya, Usak;45351
ES1;Noroeste (ES);45498
FRJ2;Midi-Pyrénées;45603
DE9;Niedersachsen;47710
ES24;Aragón;47722
FRC;Bourgogne - Franche-Comté;48062
SK;Slovakia;49035
SK0;Slovensko;49035
TR4;Dogu Marmara;49324
HU3;Alföld és Észak;49485
TR52;Konya, Karaman;49547
ITG;Isole;49939
SE1;Östra Sverige;50307
EL5;Voreia Ellada;51638
NO02;Innlandet;52072
NO020;Innlandet;52072
SE322;Jämtlands län;53752
LT02;Vidurio ir vakaru Lietuvos regionas;55554
HR;Croatia;56594
HR0;Hrvatska;56594
NO0A;Vestlandet;57604
FRF;Grand Est;57718
ITC;Nord-Ovest;57928
ITI;Centro (IT);58085
EL6;Kentriki Ellada;58734
SE331;Västerbottens län;58875
TR72;Kayseri, Sivas, Yozgat;59782
PL6;Makroregion Pólnocny;60153
NO0B2;Svalbard;60299
ES5;Este (ES);60355
NO0B;Jan Mayen and Svalbard;60676
RO4;Macroregiunea patru;61248
ITH;Nord-Est;62327
PL8;Makroregion Wschodni;63156
LV;Latvia;64586
LV0;Latvija;64586
LV00;Latvija;64586
FI19;Länsi-Suomi;64763
LT;Lithuania;65284
LT0;Lietuva;65284
PL4;Makroregion Pólnocno-Zachodni;66257
RO1;Macroregiunea unu;68252
BG3;Severna i yugoiztochna Bulgaria;68329
IE;Ireland;69947
IE0;Éire/Ireland;69947
ES2;Noreste (ES);70387
DE2;Bayern;70543
TRA;Kuzeydogu Anadolu;70766
FRK;Auvergne - Rhône-Alpes;71134
SE31;Norra Mellansverige;71640
RO2;Macroregiunea doi;72627
FRJ;Occitanie;73246
ITF;Sud;73800
TR8;Bati Karadeniz;74038
NO074;Troms og Finnmark;74830
TR5;Bati Anadolu;75007
TRC;Güneydogu Anadolu;76078
SE32;Mellersta Norrland;76709
UKM;Scotland;78802
CZ;Czechia;78871
CZ0;Cesko;78871
ES42;Castilla-la Mancha;79458
TRB;Ortadogu Anadolu;81819
FRY3;Guyane;83751
FRY30;Guyane;83751
AT;Austria;83878
SE2;Södra Sverige;84685
FRI;Nouvelle-Aquitaine;84827
ES61;Andalucía;87600
PT1;Continente;89103
TR6;Akdeniz;89110
TR3;Ege;89180
FRY;RUP FR - Régions ultrapériphériques françaises;89415
TR7;Orta Anadolu;91644
PT;Portugal;92227
HU;Hungary;93012
ES41;Castilla y León;94225
ES6;Sur (ES);98948
FI1D7;Lappi;98983
IS002;Landsbyggd;101635
IS;Iceland;102679
IS0;Ísland;102679
IS00;Ísland;102679
SE332;Norrbottens län;105208
BG;Bulgaria;110996
NO07;Nord-Norge;112985
EL;Greece;131694
SE33;Övre Norrland;164083
ES4;Centro (ES);215317
FI1D;Pohjois- ja Itä-Suomi;227120
RO;Romania;238398
UK;United Kingdom;244423
IT;Italy;302079
PL;Poland;311928
SE3;Norra Sverige;312432
FI1;Manner-Suomi;336830
FI;Finland;338411
DE;Germany (until 1990 former territory of the FRG);357569
NO;Norway;384486
NO0;Norge;384486
SE;Sweden;447424
ES;Spain;505983
FR;France;638475
TR;Türkiye;780270
EA19;Euro area - 19 countries  (2015-2022);2844986
EU27_2020;European Union - 27 countries (from 2020);4225134
